SMILE,SRP
CCN(CC)CCN1C2=CC=CC=C2SC3=CC=CC=C31,0.807
C1=CC=C(C=C1)C[N+]2=CC=C(C=C2)C3=CC=[N+](C=C3)CC4=CC=CC=C4,-0.37
CN1C=C(N=C1[N+](=O)[O-])[N+](=O)[O-],-0.243
C1=CC=C2C(=C1)C=CN2,1.24
[CH2-]C1=CC=CC=C1,-1.21
C1=CC=C(C=C1)S(=O)(=O)CCN2C=CN=C2[N+](=O)[O-],-0.367
C1(=C(C=CC(=C1)O)O)COC,0.118
CCCC(CN1C=CN=C1[N+](=O)[O-])O,-0.389
C1C[N+]2=CC=CC3=C2C4=C(C=CC=[N+]41)C=C3,-0.28
CN1C(=CN=C1[N+](=O)[O-])C=[N+](C)[O-],-0.282
CC(=O)OCC1=CC2=C(C=C1)C(=O)C=CC2=O,-0.094
C1=C[NH+]=CC=C1C2=CC=[NH+]C=C2,-0.485
C2(C1=C[N](C(=C1C(C(=C2C)C)=O)C)C)=O,-0.452
CC1=CC2=[N+](CCC[N+]3=C2C=C(C=C3)C)C=C1,-0.691
CC1=CC(=O)C2=CC=CC=C2C1=O,-0.203
C1=CC(=C(C(=C1)O)O)O,-0.009
CC1=[N+](C=CC(=C1)C2=CC(=[N+](C=C2)CCO)C)CCO,-0.481
C1COCCN1CCN2C=NC=C2[N+](=O)[O-],-0.39
C1(=CC=CC(=C1)[CH2-])CN,-0.87
CN(C)CCCNC1=C2C(=CC=C(C2=NC3=CC=CC=C31)N(C)C)[N+](=O)[O-],-0.334
C1=CC(=C(C=C1CC(=O)O)O)O,0.021
C1CC2=C3C(=O)C=CC(=O)C3=C(N2C1)C4=CC=CC=C4,-0.427
C1=CC=C2C(=C1)C(=CN2)CC(C(=O)N)N,0.94
CC(=O)C1=CC(=CC=C1)[N+](=O)[O-],-0.437
C1=CC(=CC=C1CC(C(=O)O)N)O,0.87
CC1=CC2=C(C=C1C)N(C3=NC(=O)NC(=O)C3=N2)C[C@@H]([C@@H]([C@@H](COP(=O)(O)OP(=O)(O)OC[C@@H]4[C@H]([C@H]([C@@H](O4)N5C=NC6=C(N=CN=C65)N)O)O)O)O)O,-0.241
CN(C)[CH2-],-1.76
C1=CC(=CC=C1[CH2])OC2=CC=CC=C2,0.69
C1=CC=NC(=C1)C2=CC=CC=N2.C1=CC=NC(=C1)C2=CC=CC=N2.C1=CC=NC(=C1)C2=CC=CC=N2.[Os+2],0.8
C12=[S]3ON=C1CSCC2=NO3,-0.375
C1=CC3=C(C=C1)N(C2=C(C=CC=C2)S3)CCCN(CC)CC,0.954
CN(C)N=NC1=C(NC=N1)C(=O)N,-0.571
C1(=CC=C(C2=NSN=C12)C#N)C#N,-0.49
CCOC(=O)C[N+]2=C1[N](C=C(C1=CC=C2)[N+](=O)[O-])[H],-0.626
C1=CC=CC=C1[C](O)C(F)(F)F,0.55
C1CN1C2=C(C(=O)C(=C(C2=O)NCCO)N3CC3)NCCO,-0.383
C1=CC(=C(C=C1[N+](=O)[O-])[N+](=O)[O-])O,-0.5
C[N+]1=CC=C(C=C1)C(=O)OC,-0.72
CC(=O)NS(=O)(=O)C1=C(N=CN1C)[N+](=O)[O-],-0.523
C2(C1=C([N](C=C1C(C=C2)=O)C)C3=CC=CC=C3)=O,-0.419
C1=CN(C(=N1)[N+](=O)[O-])CC(=O)N(CCO)CCO,-0.398
COC(=O)\C(=C(\C[N+]1=CC=C(C=C1)C2=CC=[N+](C=C2)C)[H])[H],-0.381
CC1=NC=C(N1CCO)[N+](=O)[O-],-0.486
C1=CC=C(C=C1)[C](C2=CC=CC=C2)O,-0.01
C1=CC3=C(C=C1)N(C2=C(C=CC=C2)S3)CCCN4CCN(CC4)C,0.847
C([C@H]([C@@H](CS)O)O)S,1.752
C1=CN=C(N1)[N+](=O)[O-],-0.418
C1(=C[N+]3=C(C=C1)C2=[N+](C=CC=C2)CC3)OC,-0.45
CC1=C[N+]2=CC=CC=C2C3=CC=CC=[N+]13,-0.3
C1=CC3=C(C=C1)N(C2=C(C=CC=C2)S3)CCCN4CCC(CC4)C,0.72
CCOC(=O)C[N+]1=C(C=C(C=C1)C2=CC(=[N+](C=C2)CC(=O)OCC)C)C,-0.323
C15=C(C2=C(C=C1)C=CC=C2)SC3=C(C=CC4=C3C=CC=C4)N5,0.548
C[N+]1=CC=C(C=C1)C2=CC=CC=[N+]2C,-0.64
C[N+]1=CC=C(C=C1)C2=CC=[N+](C=C2)CC#N,-0.287
C1=CC=NC(=C1)C2=CC=CC=N2.C1=CC=NC(=C1)C2=CC=CC=N2.[Os+2],0.81
CC(=O)CN1C=CN=C1[N+](=O)[O-],-0.358
C1=CC(=O)C=CC1=O,0.078
C1=CN=CC=C1[N+](=O)[O-],-0.191
C1C[CH]OC1,-0.11
CCOC(=O)C1=C2C(=O)C=C(C(=O)C2=C3N1CCC3)C,-0.368
C1=CC=NC(=C1)C2=CC=CC=N2.C1=CC=NC(=C1)C2=CC=CC=N2.C1=CC=NC(=C1)C2=CC=CC=N2.[Ru+2],2.55
C[N+]3=CC2=C1[N+](=CC=CC1=CC=C2C=C3)C,-0.425
C1=CC=CC2=C1C(=C3C(=N2)C=CC=C3)N(C4C=CC(C=C4N(C)C)=O)[H],-0.01
CC1=CC(=NC=C1)C2=NC=CC(=C2)C,-0.54
C1COCCN1CCCCCCCCN2C=CN=C2[N+](=O)[O-],-0.388
Cl[Ir-3](Cl)(Cl)(Cl)(Cl)Cl,0.8665
C1=CC=C2C(=C1)C(=CN2)CC(=O)O,0.84
CC1=C(C=CC(=C1)O)O,0.46
C1=NC2=C(N1)C(=O)NC=N2,0.74
CCN(CC)C(=O)CC[N+]1=CC=C(C=C1)C2=CC=[N+](C=C2)CC=C,-0.383
CCOC1=CC2=C(C=C1)NC3=CC=CC=C3S2,0.58
CN(C)CCCNC1=C2C(=CC=C(C2=NC3=CC=CC=C31)C(=O)OC)[N+](=O)[O-] ,-0.244
CC1=CC2=[N+](CC[N+]3=C2C=C(C=C3)C)C=C1,-0.487
CC1(CC(=NC=C1)C2=CC=CC=N2)C,-1.05
CN(C)CCCNC1=C2C(=CC=C(C2=NC3=CC=CC=C31)OC)[N+](=O)[O-],-0.361
CN1C(=CN=C1[N+](=O)[O-])C(=O)N,-0.321
C1=CC(=CC=C1C(=O)O)[N+](=O)[O-],-0.396
C1=CC(=C(C=C1C(=O)O)O)O,0.119
CC(CN1C2=CC=CC=C2S(=O)(=O)C3=CC=CC=C31)N(C)C,0.701
C1=CC=C(C=C1)CNC(=O)CN2C=CN=C2[N+](=O)[O-],-0.38
C[N+]1=CC=C(C=C1)C2=CC=[N+](C=C2)C,-0.448
C1=C[N+](=CC=C1C2=CC=[N+](C=C2)CCCl)CCCl,-0.335
[CH-]1C=CC=C1.[CH-]1C=CC=C1.[Fe+2],0.4
C1=CC=C2C(=C1)C=CC4=C2SC3=CC=CC=C3N4,0.628
C1=CC=C2C(=C1)C=CC(=N2)C=CC=CC3=CC=C(O3)[N+](=O)[O-],-0.265
C1=CC=C2C(=C1)C=CC(=N2)C=CC3=CC=C(O3)[N+](=O)[O-],-0.276
C1(=C[N+]3=C(C=C1C)C2=[N+](C=C(C(=C2)C)C)CC3)C,-0.613
[C](O)(C1=CC=CC=C1)C,0.0
C1=CN(C(=N1)[N+](=O)[O-])CC(CO)O,-0.389
CC1=C(C=C(C(=C1)O)C)O,0.98
[CH2-]C1=CC=C(C=C1)Cl,-1.16
C1=CC=[C-]C=C1,-0.29
CCSCC[N+]1=CC=C(C=C1)C2=CC=[N+](C=C2)CC,-0.428
C1=CN(C(=N1)[N+](=O)[O-])CC(CCl)O,-0.384
C[N+]1=CC=C(C=C1)C2=CC=[N+](C=C2)CCC[N+]3=CC=C(C=C3)C4=CC=[N+](C=C4)C,-0.33
CCOC(C[N+]1=CC=C(C=C1)C2=CC=[N+](C=C2)CC(OCC)OCC)OCC,-0.373
CC(C)CN1C=NC2=C1N=C(N=C2SC3=C(N=CN3C)[N+](=O)[O-])N,-0.503
CCN(CC)C(=O)C[N+]1=CC=C(C=C1)C2=CC=[N+](C=C2)CC(=O)N(CC)CC,-0.318
CN1C(=CN=C1S(=O)(=O)C)[N+](=O)[O-],-0.351
CN1C(=CN=C1[N+](=O)[O-])C(CO)O,-0.396
C1=CC(=CC=C1CO)[N+](=O)[O-],-0.477
CCCCCCCC[N+]1=CC=C(C=C1)C2=CC=[N+](C=C2)CCCCCCCC,-0.451
C1=CC2=C(N=C1)N(C=C2[N+](=O)[O-])CC(CO)O,-0.607
C1=CC(=C(C=C1[N+](=O)[O-])C(=O)O)[N+](=O)[O-],-0.272
C1=CC3=C(C=C1)N(C2=C(C=CC=C2)S3)CCCCCC[N](CC)(CC)CC,0.864
CS(=O)(=O)CCN1C=CN=C1[N+](=O)[O-],-0.368
CC1=CC(=O)C(=CC1=O)C,-0.067
O=C(CC[N+]1=CC=C(C=C1)C2=CC=[N+](C=C2)CCC(=O)OO)OO,-0.431
CN1C=NC(=C1I)[N+](=O)[O-],-0.529
CC1=NC=C(N1CC(COC)O)[N+](=O)[O-]  ,-0.479
C[C](C)O,-0.37
C1=CC(=C(C=C1[C@H](CN)O)O)O,0.044
CC1=NC(=CN1CC(COC)O)[N+](=O)[O-],-0.564
ClC3=C2C=CC1=CC=C[N+]4=C1C2=[N+](C=C3)CCC4,-0.11
CC1=NNC(=O)C1,0.39
C1=CN=C([N]1CCCN2CCOCC2)[N+](=O)[O-],-0.386
CN1CCN(CC1)CCCN2C3=CC=CC=C3SC4=C2C=C(C=C4)S(=O)(=O)N(C)C,0.877
C1CSS[C@@H]1CCCCC(=O)O,1.13
CC[N+]1=CC=C(C=C1)C#N,-0.626
CCOC(=O)C1=C2C(=O)C=C(C(=O)C2=C(N1C)C3=CC=CC=C3)C,-0.366
C1=CN(C(=N1)[N+](=O)[O-])CC(=O)NCC(CO)O,-0.392
CC(=O)OCCN(CCOC(=O)C)C1=CC=C(C2=C(C3=CC=CC=C3N=C12)NCCCN(C)C)[N+](=O)[O-],-0.314
CSC(=C[N+]1=CC=C(C=C1)C2=CC=[N+](C=C2)C)SC,-0.33
C1=CC=C(C=C1)[N+]2=CC=C(C=C2)C3=CC=[N+](C=C3)C4=CC=CC=C4,-0.288
CN(C)C(=O)C[N+]1=CC=C(C=C1)C2=CC=[N+](C=C2)CC(=O)N(C)C,-0.301
CO[N+]1=CC=C(C=C1)C2=CC=[N+](C=C2)OC,-0.651
C1(=CC=C(C=C1)[CH2])CN,1.14
CCO[CH]C,-0.21
C[N+]1=CC3=C(C=C1)C2=C[N+](=CC=C2C=C3)C,-0.44
C[N+]1=CC2=C(C=C1)C3=C(C=C2)C=[N+](C=C3)C,-0.374
C=CC[N+]1=CC=C(C=C1)C2=CC=[N+](C=C2)CCCC#N,-0.383
[CH2-]C1=CC(=CC=C1)C(F)(F)F,-0.96
C1CO[CH]O1,0.55
[CH-]1[CH-][CH-][CH-][CH-]1.[CH-]1C=CC=C1.[Fe],0.75
CN1CCN(CC1)CCCN2C3=CC=CC=C3SC4=C2C=C(C=C4)Cl,0.827
C1=CC(=CC=C1[CH2])Cl,0.97
CN1C2=C(C=C(C=C2)C3=CC=CC=C3)SC4=CC=CC=C41,0.679
C1=CC2=C(C3=C(C=CC=[NH+]3)C=C2)[NH+]=C1,-0.54
C[N+]1=CC=CC=C1C2=CC=CC=[N+]2C,-0.776
C1CSC2=NC=C(N21)[N+](=O)[O-],-0.467
CC1=[N+](C=CC(=C1)C2=CC(=[N+](C=C2)CCC[S](=O)(=O)[O-])C)CCC[S](=O)(=O)[O-],-0.46
CN1CCN(CC1)CCCN2C3=CC=CC=C3SC4=C2C=C(C=C4)C(F)(F)F,0.944
CCC[N+]1=CC=C(C=C1)C2=CC(=[N+](C=C2)CCC)C,-0.5
CN1C=NC(=C1S(=O)(=O)C)[N+](=O)[O-],-0.355
[CH2]C1=CC=CC=C1,0.97
CC(=O)N[C@@H](CC1=CC=C(C=C1)O)C(=O)N,0.65
CN1C=NC(=C1[N+](=O)[O-])S(=O)(=O)N2CCOCC2,-0.334
C1OCO[CH]O1,0.44
CN(C)CN[S](=O)(=O)C1=C([N+]([O-])=O)N=C[N]1C,-0.402
C[C](C1=CC=CC=C1)C2=CC=CC=C2,0.47
CN1C(=CN=C1[N+](=O)[O-])C=NN(C)C,-0.386
CN1C=NC(=C1S(=O)(=O)OC2=CC=C(C=C2)[N+](=O)[O-])[N+](=O)[O-],-0.302
CC1C=NNC1=O,0.32
CCCNC(=O)CN1C=CN=C1[N+](=O)[O-],-0.388
C[C@@H](C(=O)O)NC(=O)[C@H](CC1=CNC2=CC=CC=C21)N,0.0
C[N+]1=CC=C(C=C1)C2=CC=[N+](C=C2)CCCC[N+]3=CC=C(C=C3)C4=CC=[N+](C=C4)C,-0.39
C1COCCN1CCCCCCN2C=CN=C2[N+](=O)[O-],-0.379
CC1=CNC(=O)NC1=O,0.78
C1=NC(=C2C(=N1)N(C=N2)[C@H]3[C@@H]([C@@H]([C@H],0.81
C1=CC=NC(=C1)C2=CC=CC=N2.C1=CC=NC(=C1)C2=CC=CC=N2.C1=CC=NC(=C1)C2=CC=CC=N2.[Fe+2],1.41
C1=NC2=C(N1)C(=O)NC(=N2)N,0.62
C1=CC=C2C(=C1)C(=O)C=C(C2=O)S(=O)(=O)O,-0.06
C1=CC=NC(=C1)C2=CC=CC=N2.C1=CC=NC(=C1)C2=CC=CC=N2.[Fe+2],0.78
COC(=O)CN1C=CN=C1[N+](=O)[O-],0.355
CC(C)[N+]1=CC=C(C=C1)C2=CC=[N+](C=C2)C(C)C,-0.45
C1(=CN=C([N]1C)[N+](=O)[O-])C(=NN2CCCCC2)[H],-0.376
COC1=CC2=C(C=C1)OC(=C2)[N+](=O)[O-],-0.292
C1COCCN1CCCCCN2C=CN=C2[N+](=O)[O-],-0.399
C[N+]1=CC=C(C=C1)C2=CC=[N+](C=C2)CC[N+]3=CC=C(C=C3)C4=CC=[N+](C=C4)C,-0.28
CC1=[N+](C=CC(=C1)C2=CC(=[N+](C=C2)CCCl)C)CCCl,-0.422
CN1C(=CN=C1[N+](=O)[O-])C(=O)OC,-0.3
CCOC(=O)C[N+]1=CC=C(C=C1)C2=CC=[N+](C=C2)CC(=O)OCC,-0.422
C1=CC2=C(C=CN2)C=C1O,0.216
CN1C=NC(=C1SCC(=O)O)[N+](=O)[O-],-0.545
CC1=CC2=C(C=C1C)N=C3C(=N2)C(=O)NC(=O)N3C,-0.509
C1=CC(=CC=C1O)O,1.041
C1(C=C(C(C(=C1)C)=O)Br)=C2C=C(C(C(=C2)Br)=O)Br,0.26
C2(=NC1=NSN=C1N=C2C3=CC=CC=N3)C4=NC=CC=C4,-0.236
C1=CC2=C(C=C1CCl)C(=O)C=CC2=O,-0.094
CN(C)C1=CC=C(C=C1)O,0.174
C1=C[CH]C=C1.C1=C[CH]C=C1.[Fe],0.27
C1=CC=C(C=C1)[N+](=O)[O-],-0.486
C[N+]2=CC1=C3C(=CC=C1C=C2)[N+](=CC=C3)C,-0.302
CC1=CC2=C(C=C1C)N=C3C(=N2)C(=O)N(C(=O)N3)C,-0.535
C1=C2C3=C(C(=C1O)O)OC(=O)C4=CC(=C(C(=C43)OC2=O)O)O,0.187
CN(C)CC(CN1C=CN=C1[N+](=O)[O-])O,-0.351
CN(C)CCCN2C1=CC(=CC=C1SC3=CC=CC=C23)O,0.625
C2(=NC1=NSN=C1N=C2C3=CC=CO3)C4=CC=CO4,-0.374
CN1C=CC2=CC=CC=C21,1.23
C1C=CN(C=C1C(=O)N)[C@H]2[C@@H]([C@@H]([C@H](O2)COP(=O)(O)OP(=O)(O)OC[C@@H]3[C@H]([C@H]([C@@H](O3)N4C=NC5=C(N=CN=C54)N)O)O)O)O,0.282
C1(=CC=C(C=C1)[CH2-])OC,-1.51
C=CC[N+]1=CC=C(C=C1)C2=CC=[N+](C=C2)CC(=O)O,-0.39
C[CH-]C1=CC=CC=C1,-1.34
C1C(=O)NC(=O)N1/N=C/C2=CC=C(O2)[N+](=O)[O-],-0.264
CCOC(=O)CN1C=NC(=C1I)[N+](=O)[O-],-0.436
CN1C2=C(C(=O)N(C1=O)C)NC(=N2)[N+](=O)[O-],-0.494
C=C(CC)C[N+]1=CC=C(C=C1)C2=CC=[N+](C=C2)CCOC,-0.396
C(N1CCN(CC1)CCCN3C2=CC=CC=C2SC4=C3C=C(C=C4)[S](=O)(=O)N(C)C)CO,0.83
O\N=C(\C[N+]1=CC=C(C=C1)C2=CC=[N+](C=C2)C\C(=N\O)[H])[H],-0.325
CC1=CC(=O)C(=C(C1=O)C)C,-0.165
C1=CC(=CC=C1[N+](=O)[O-])[N+](=O)[O-],-0.257
CC1=C(C=C[N+](=C1)C)C2=C(C=[N+](C=C2)C)C,-0.83
CC1=[N+](C(=CC(=C1)C2=CC(=[N+](C(=C2)C)CCC[S](=O)(=O)[O-])C)C)CCC[S](=O)(=O)[O-],-0.54
C1=CC=C2C(=C1)SC3=CC=CC=C3S2,1.61
CN1C=NC(=C1[N+](=O)[O-])I,-0.461
C1=CC=C2C(=C1)C(=CN2)CCN,0.0
CC1=CC=C(C2=C(C3=CC=CC=C3N=C12)NCCCN(C)C)[N+](=O)[O-],-0.321
CN1C(=CN=C1[N+](=O)[O-])CO,-0.4
CN1C=NC(=C1[N+](=O)[O-])S(=O)(=O)OC2=CC=CC=C2,-0.259
C1=CC=C2C(=C1)NC3=C(S2)C=C(C=C3)Cl,0.763
C[N+]1=C(C=CC2=CC=CC=C21)C3=[N+](C4=CC=CC=C4C=C3)C,-0.25
C1=CC3=C(C=C1OC)SC2=C(C=CC(=C2)OC)N3,0.475
C[C-](C1=CC=CC=C1)C2=CC=CC=C2,-1.1
C1(=CC=C(C=C1O)CC(C(O)=O)N)O,0.014
COC1=CC=CC2=C1OC(=C2)[N+](=O)[O-],-0.296
C1CCN(C1)CCCCN2C=CN=C2[N+](=O)[O-],-0.389
C[N+]1=CC=CC2=C1C3=C(C=CC=[N+]3C)C=C2,-0.51
CC1=CC=C(C=C1)C2=[N+](C=CC(=C2)C3=CC(=[N+](C=C3)C)C4=CC=C(C=C4)C)C,-0.439
C1=C(NC(=N1)[N+](=O)[O-])CN,-0.267
C13=C(C=CC=C1)[S-](C2=C(C=CC=C2)N3)[O+],0.8
C=C(C)C[N+]1=CC=C(C=C1)C2=CC=[N+](C=C2)CC(N)=O,-0.336
C1=CC3=C(C=C1)N(C2=C(C=CC=C2)S3)CCCN4CCN(CC4)CCO,0.762
C1=C(NC(=N1)[N+](=O)[O-])C=O,-0.243
COC1=CC=C(C=C1)O,0.32
CC1=CC2=[N+](CCCC[N+]3=C2C=C(C=C3)C)C=C1,-0.78
C1(=C[N+]3=C(C=C1)C2=[N+](C=CC=C2)CC3)C#N,0.0
C1=CC=[N+]2C=C3C(=CC2=C1)C=CC4=CC5=CC=CC=[N+]5C=C43,-0.3
C1=CC(=CC(=C1)[N+](=O)[O-])C(=O)O,-0.433
C1=CNC(=O)NC1=O,0.87
CN1CC(C2=CC(=O)C(=O)C=C21)O,-0.253
CCCCNC(=O)C1=CC=C(O1)[N+](=O)[O-],-0.23
CN1C=NC(=C1S(=O)(=O)NC2=CC=CC=C2Cl)[N+](=O)[O-],-0.444
C[N+](C)(C)CCC[N+]1=CC=C(C=C1)C2=CC=[N+](C=C2)CCC[N+](C)(C)C,-0.331
C1=CC2=C(C3=C(C=CC=N3)C=C2)N=C1.C1=CC2=C(C3=C(C=CC=N3)C=C2)N=C1.C1=CC2=C(C3=C(C=CC=N3)C=C2)N=C1.[Fe+2],1.147
C1=CC2=C(C(=C1)N)C(=O)N=NC2=O,0.24
C1=C[N+](=CC=C1C2=CC=[N+](C=C2)CCN)CCN,-0.28
OC2C[N+]1=C(C=CC=C1)C3=[N+]2C=CC=C3,-0.29
CC1=NC=C(N1CCNC(=O)S)[N+](=O)[O-],-0.498
CCN(CC)CC(CNC1=C2C=CC(=CC2=NC3=CC(=C(C=C31)OC)OC)[N+](=O)[O-])O,-0.26
COCC(CN1C=NC(=C1I)[N+](=O)[O-])O,-0.497
CCCCCCCCCCCCCCCCCC[N+]1=CC=C(C=C1)C2=CC=[N+](C=C2)CCCCCCCCCCCCCCCCCC,-0.28
C1=CC=C(C(=C1)C(=O)O)[N+](=O)[O-],-0.412
C1=CC=C(C=C1)OCCN2C=CN=C2[N+](=O)[O-],-0.391
O=[N](=O)C1=NC=C[N]1CCNC2CCNCC2,-0.399
C1C[N+]2=C(C=CC=C2Br)C3=CC=CC=[N+]31,-0.01
CN1C=NC(=C1S(=O)(=O)OC2=CC=CC3=CC=CC=C32)[N+](=O)[O-],-0.34
CC1=[N+](C=CC(=C1)C2=CC(=[N+](C=C2)C#N)C)C#N,-0.14
C2(=NC1=NSN=C1N=C2C3=CC=CC=[N+]3[O-])C4=NC=CC=C4,-0.253
CSSC,1.391
CC1=CNC2=CC=CC=C12,1.01
C1=C(C(=CC2=C1N=C3C(=N2)C(=O)N(C(=O)N3C)C)C)C,-0.53
CC(C)([C@H](C(=O)O)N)S,1.345
C[N+]1=CC2=C(C=C1)C3=C(C=C2)[N+](=CC=C3)C,-0.405
C1=CC=C(C(=C1)C#N)[N+](=O)[O-],-0.308
C1=CC9=C(C=C1)C[N+]6=C4[N+](=CC=C5C3=CC=[N+]2CC8=C(C[N+]7=C2C3=C(C(=C45)C=C6)C=C7)C=CC=C8)C9,-0.139
C1=NC2=C(N1)C(=O)NC(=O)N2,0.59
C12=[S]3ON=C1C[S](CC2=NO3)(=O)=O,-0.227
CN1C=NC(=C1S)[N+](=O)[O-],-0.538
CC2=[N+]1CCC[N+]3=C(C1=CC=C2)C=CC=C3,-0.59
COC1=CC=C(C=C1)[CH2],0.5
C1=NC(=C(N1)[N+](=O)[O-])I,-0.503
CNC(=O)C1=CC(=C(C=C1[N+](=O)[O-])[N+](=O)[O-])N2CC2,-0.387
CN(C)CCCN1C2=CC=CC=C2SC3=C1C=C(C=C3)C(F)(F)F,0.894
C1=CC=NC(=C1)C2=CC=CC=N2.C1=CC=NC(=C1)C2=CC=CC=N2.C1=CC=NC(=C1)C2=CC=CC=N2.[Ru+2],1.24
C1=CC=C(C=C1)OCCCN2C=CN=C2[N+](=O)[O-],-0.409
CN(C)CCCN2C1=CC(=CC=C1SC3=CC=CC=C23)COC,0.863
CCCCC[N+]1=CC=C(C=C1)C2=CC=[N+](C=C2)CCO,-0.438
CC1=C(NC2=CC=CC=C12)C,0.78
C[C@H]1[C@H]([C@H](C[C@@H](O1)O[C@H]2C[C@@](CC3=C2C(=C4C(=C3O)C(=O)C5=C(C4=O)C(=CC=C5)OC)O)(C(=O)C)O)N)O,-0.305
C1=CC(=C[N+](=C1)[C@H]2[C@@H]([C@@H]([C@H](O2)COP(=O)([O-])OP(=O)(O)OC[C@@H]3[C@H]([C@H]([C@@H](O3)N4C=NC5=C(N=CN=C54)N)O)O)O)O)C(=O)N,-0.93
C[N+](C)(C)CC[N+]1=CC=C(C=C1)C2=CC=[N+](C=C2)CC[N+](C)(C)C,-0.28
C1=CC2=C(C3=C(C=CC=N3)C=C2)N=C1.C1=CC2=C(C3=C(C=CC=N3)C=C2)N=C1.C1=CC2=C(C3=C(C=CC=N3)C=C2)N=C1.[Ru+2],1.62
CN(C)CCCNC1=C2C(=NC3=CC=CC=C31)C=CC=C2[N+](=O)[O-],-0.275
CN1C(=CN=C1I)[N+](=O)[O-],-0.454
CN([CH2])C1=CC=CC=C1,-0.61
C=CC[N+]1=CC=C(C=C1)C2=CC=[N+](C=C2)CC,-0.428
C1=CC=C2C(=C1)NC3=C(S2)C=C(C=C3)I,0.758
C1=CC(=C(C=C1[N+](=O)[O-])[N+](=O)[O-])C(=O)O,-0.345
CCS(=O)(=O)CCN1C=CN=C1[N+](=O)[O-],-0.368
C1=CC=C([C-]=C1)C2=CC=CC=N2.C1=CC=C([C-]=C1)C2=CC=CC=N2.C1=CC=C([C-]=C1)C2=CC=CC=N2.[Ir+3],2.05
CN1C2=C(C=C(C=C2)Br)SC3=CC=CC=C31,0.766
CCOC(=O)C1=CC(=C(C(=C1)O)O)O,-0.054
C1(=C(C=CC(=C1C)O)O)C,0.43
CC(=O)C[N+]1=CC=C(C=C1)C2=CC=[N+](C=C2)CC(=O)C,-0.305
CCN1CC[N+]2=C1C=CC(=C2)[N+](=O)[O-],-0.356
C1=NC(=C(N1)C(=O)N)N,-0.584
CN1C(=CN=C1[N+](=O)[O-])C=C,-0.392
COCCN1C=CN=C1[N+](=O)[O-],-0.393
CN1C=NC(=C1OC2=CC=C(C=C2)O)[N+](=O)[O-],-0.565
C1=CC2=C(C(=C1)O)OC(=C2)[N+](=O)[O-],-0.288
C1=CC(=C(C(=C1)O)O)C(=O)O,0.118
C1=CN(C(=N1)[N+](=O)[O-])CCO,-0.398
C1=CC=[N+](C(=C1)C2=CC=CC=[N+]2CCCS(=O)(=O)[O-])CCCS(=O)(=O)[O-],-0.68
C1=C(OC(=C1)[N+](=O)[O-])/C=N\O,-0.253
CC1=[N+](C=CC(=C1)C2=CC(=[N+](C=C2)C)C)C,-0.552
C1=CC3=C(C=C1)N(C2=C(C=CC=C2)S3)C(C)CN(C)C,0.89
C1=CN=C([N+](=O)[O-])[N]1CCN2CCCC2,-0.334
C1=C[N+]4=C2C(=C1)C=CC3=C2[N+](=CC=C3)CCCC4,-0.45
CN1C=NC([N]([O-])=O)C1=O,-0.439
CN1C=NC(=C1OC2=CC=CC=C2)[N+](=O)[O-],-0.56
C1=CC=C(C=C1)N,1.03
C1=C(C=C(C=C1[N+](=O)[O-])[N+](=O)[O-])C(=O)O,-0.344
C1=CC=C(C(=C1)C=O)[N+](=O)[O-],-0.355
C1=CC(=C(C=C1O)C(=O)O)O,0.033
CC1=NC=C(N1CCN2CCOCC2)[N+](=O)[O-],-0.457
CCC[N+]1=CC=C(C=C1)C2=CC=[N+](C=C2)CCC,-0.438
CN(C)C(=O)CC[N+]1=CC=C(C=C1)C2=CC=[N+](C=C2)CCC(=O)N(C)C,-0.385
CN1C=NC(=C1S(=O)(=O)N)[N+](=O)[O-],-0.395
C(CS)C(=O)O,1.359
CC1=C(C(=C(C(=C1C)O)C)C)O,0.95
CC1=CC2=C(C=C1C)N(C3=NC(=O)NC(=O)C3=N2)C[C@@H]([C@@H]([C@@H](COP(=O)(O)O)O)O)O,-0.313
C1CC[N+]2=CC=CC=C2C3=CC=CC=[N+]3C1,-0.7
CC1=CC2=CC=CC=C2N1,1.1
C1=CC(=CC=C1C(CCN(C)C)=O)[N+](=O)[O-],-0.315
C1=CC2=C(C3=C(C=CC=N3)C=C2)N=C1.C1=CC2=C(C3=C(C=CC=N3)C=C2)N=C1.C1=CC2=C(C3=C(C=CC=N3)C=C2)N=C1.[Fe+2],1.06
C\C(=C(\C[N+]1=CC=C(C=C1)C2=CC=[N+](C=C2)CCCF)[H])[H],-0.418
CN1C=C(C2=C1N=CC=C2)[N+](=O)[O-],-0.566
C34C(CC1C(C2=C(C=C1)C=CC=C2)N3)C=CC5=C4C=CC=C5,0.544
C1=CC=CC2=C1[CH]C3C2C=CC=C3,1.0
COC1=CC(=O)C=CC1NC2=C3C=CC=CC3=NC4=CC=CC=C42,0.085
C1C(=O)NC(=O)NC1=O,0.79
C2(C1=C(C)N(C(=C1C(C=C2)=O)C3=CC=CC=C3)C)=O,-0.44
CN1C=NC(=C1S(=O)(=O)OC2=CC=C(C=C2)OC)[N+](=O)[O-],-0.335
C1(=CN=C([N]1C)[N+](=O)[O-])C(OC(C)=O)OC(C)=O,0.35
C[CH]C1=CC=CC=C1,0.61
C1=CN(C(=N1)[N+](=O)[O-])CC(CF)O,-0.383
C1=C(NC(=O)N=C1)N,0.83
C1=CC=C2C(=C1)C(=CN2)C[C@@H](C(=O)O)N,1.14
C1=CC(=C(C=C1C2=C(C(=O)C3=C(C=C(C=C3O2)O)O)O)O)O,-0.037
C2(C1=C([N]3C(=C1C(C(=C2C)OC)=O)CCC3)C(OCC)=O)=O,-0.383
CC1=CC=CC=C1NS(=O)(=O)C2=C(N=CN2C)[N+](=O)[O-],-0.426
C1CSSC1CCCCC(=O)N,-1.6
C1=CC3=C(C=C1)N(C2=C(C=CC=C2)S3)CC(C)N(CC)CC,0.9
O=[N](=O)C1=NC=C[N]1CC(O)CN2CC2,-0.398
CCCCCC[N+]1=CC=C(C=C1)C2=CC=[N+](C=C2)CCCCCC,-0.439
C[N+](C)(C)CCCC[N+]1=CC=C(C=C1)C2=CC=[N+](C=C2)CCCC[N+](C)(C)C,-0.367
C1=CC2=C(C=C1O)C(=CN2)CC(C(=O)O)N,0.208
C1COCCN1CC(CN2C=CN=C2[N+](=O)[O-])O,-0.38
C1(=CC=C(C=C1)[CH2])COC,1.04
C(C(=O)O)S,1.347
C1=CC=C2C(=C1)C3C=CC=CC3C(=O)C2=O,-0.124
CC1=[N+](C=CC(=C1)C2=CC=[N+](C=C2)C)C,-0.5
C1=CC(=C(C=C1CCN)O)O,0.018
C1CO[CH]CO1,0.16
CN(C)[CH2],-0.79
C1=CN=C([N]1CCCN2CCCCC2)[N+](=O)[O-],-0.353
C1CN1C2=C(C=C(C(=C2)C(=O)N)N)[N+](=O)[O-],-0.515
C[C](C)C1=CC=CC=C1,0.4
CCOC1=C2C(=CC=C1)SC3=CC=CC=C3N2,0.692
CN1C=NC(=C1S(=O)(=O)N2CCOCC2)[N+](=O)[O-],-0.406
C1(=CC=C(C=C1)O)N,0.217
CCSC[N+]1=CC=C(C=C1)C2=CC=[N+](C=C2)CSCC,-0.308
C1=CC2=C(N=C1)N(C=C2[N+](=O)[O-])CC(=O)NCCO,-0.546
CC(=O)C[N+]1=C(C=C(C=C1)C2=CC(=[N+](C=C2)CC(C)=O)C)C,-0.356
CN(C)C(=O)CCC[N+]1=CC=C(C=C1)C2=CC=[N+](C=C2)CCCC(=O)N(C)C,-0.399
C1=CC=C(C(=C1)O)O,0.043
C1=C(OC(=C1)[N+](=O)[O-])/C=N/NC(=O)N,-0.257
CCOC(=O)NC1=C(C(=O)C(=C(C1=O)N2CC2)NC(=O)OCC)N3CC3,-0.168
CC1=CC2=C(C=C1C)N(C3=NC(=O)NC(=O)C3=N2)C[C@@H]([C@@H]([C@@H](CO)O)O)O,-0.292
C1CN1C2=C(C=C(C(=C2)C(=O)N)[N+](=O)[O-])[N+](=O)[O-],-0.385
C1=CN=C(C=N1)C2=NC=CN=C2.C1=CN=C(C=N1)C2=NC=CN=C2.C1=CN=C(C=N1)C2=NC=CN=C2.[Ru],2.65
C1=C(C=C(C(=C1O)O)O)CCN,0.042
C1=CC=C2C(=O)C=CC(=O)C2=C1,-0.14
C1=C(C=CC(=C1)[CH2-])CN,-0.53
CC(C)(C1=CN=C(N1C)[N+](=O)[O-])O,-0.412
C[C-](C)C,-1.76
CC(=O)NC1=CC=C(C=C1)O,0.45
N#CCCC[N+]1=CC=C(C=C1)C2=CC=[N+](C=C2)CCCC#N,-0.362
C1=CN=C([N]1CC(COC(CCl)COC(C)C)O)[N+](=O)[O-],-0.395
C1CC(CN(C1)CC(CN2C=CN=C2[N+](=O)[O-])O)O,-0.357
CN([CH2-])C1=CC=CC=C1,-1.79
C1=C[N+]3=C(C=C1)C2=[N+](C=C(C=C2)OCCC)CC3,-0.44
CN(C)CCCNC1=C2C(=CC=C(C2=NC3=CC=CC=C31)Cl)[N+](=O)[O-],-0.325
CN1C=C(N=C1S(=O)(=O)C)[N+](=O)[O-],-0.446
C(=O)(N)NO,-0.552
C1=CC=[N+]2C=C3C=CC4=C[N+]5=CC=CC=C5C=C4C3=CC2=C1,-0.272
C1=CC2=C(C3=C(C=CC=N3)C=C2)N=C1.C1=CC2=C(C3=C(C=CC=N3)C=C2)N=C1.C1=CC2=C(C3=C(C=CC=N3)C=C2)N=C1.[V+2],0.14
CN1C(=CN=C1C=O)[N+](=O)[O-],-0.36
C1CCN(CC1)CCCCN2C=CN=C2[N+](=O)[O-],-0.386
C1(=CN=C([N]1C)[N+](=O)[O-])C(=NN2CCNCC2)[H],-0.354
COC1=C2C(=CC=C1)SC3=CC=CC=C3N2,0.698
CCOC(=O)C(C1=CC=CC=C1)[N+]2=CC=C(C=C2)C3=CC=[N+](C=C3)C(C4=CC=CC=C4)C(=O)OCC,-0.188
CC1=CC2=C(C=C1C)N=C3C(=N2)C(=O)NC(=O)N3,-0.502
C1=C(C2=C(C(=O)C(=O)C3=C2NC(=C3)C(=O)O)N=C1C(=O)O)C(=O)O,-0.114
CN(C)CCCN1C2=CC=CC=C2SC3=CC=CC=C31,0.715
C1=CN=C(C=C1)C[N+]2=CC=C(C=C2)C3=CC=[N+](C=C3)CC4=NC=CC=C4,-0.325
C2(=CC=C(C=C2)C)[CH2],0.75
C1=CC(=C(C2=C1C(=O)C3=C(C=CC(=C3C2=O)O)O)O)O,0.073
COC1=CC2=C(C=C1)NC3=C(S2)C(=CC=C3)Cl,0.668
C1=CC=C2C(=C1)C(=O)C3=C(C2=O)C=C(C=C3)S(=O)(=O)[O-],-0.39
CC(C)N(CC[N]1C=CN=C1([N+]([O-])=O)C(C)C,-0.272
CCN(CC)[CH]C,-0.88
C1=C(C=C(C=C1O)O)C(=O)O,0.28
COCC[N+]1=CC=C(C=C1)C2=CC=[N+](C=C2)C,-0.38
C[N+]1=CC=CC2=C1C=CC3=C2C=CC=[N+]3C,-0.268
O=[S](=O)([O-])CC[N+]1=CC=C(C=C1)C2=CC=[N+](C=C2)CC[S](=O)(=O)[O-],-0.36
C2(C1=C4[N](C(=C1C(C(=C2C)C)=O)C3=CC=CC=C3)CCC4)=O,-0.435
C1=C[N+]4=C(C=C1)C2=[N+](C(=CC=C2)C3=CC=CC=C3)CC4,-0.32
C1=CC3=C(C=C1)N(C2=C(C=CC=C2)S3)C,0.829
CC1=C[N+]2=C(C=C1)C3=[N+](CCC2)C=C(C=C3)C,-0.671
CN1C=NC(=C1S(=O)(=O)OC2=CC=CC=C2OC)[N+](=O)[O-],-0.365
C1=C(C=CC(=C1)[CH2-])COC,-0.47
O=[N+]([O-])C1=C[N+]3=C(C=C1)N(C2=CC=CC=C2)CC3,-0.335
C1=CC(=CC=C1[N+]2=CC=C(C=C2)C3=CC=[N+](C=C3)C4=CC=C(C=C4)[N+](=O)[O-])[N+](=O)[O-],-0.15
CN1C(=CN=C1SCCOC2=CC=C(C=C2)C(=O)O)[N+](=O)[O-],-0.481
CC1=CN=C(N1CCO)[N+](=O)[O-],-0.423
N.N.N.N.N.N.[Ru+8],0.1
C1=CC=CC2=C1C(=C3C(=[N+]2[H])C=CC=C3)NC4=CC=C(C=C4)N[S](C)(=O)=O,-0.803
N.N.N.N.N.N.[Co+2],0.108
C1=CC(=C(C=C1/C=C/C(=O)O)O)O,0.084
CN1C=NC(=C1S(=O)(=O)NC2=CC=CC=C2OC)[N+](=O)[O-],-0.408
CC(CN1C2=CC=CC=C2SC3=CC=CC=C31)N(C)C,0.865
C1=CC3=C(C=C1C)SC2=C(C=CC(=C2)C)N3,0.626
C1=CN=C([N]1CC[N+]2(CCOCC2)C)[N+](=O)O[H],-0.318
CC(=O)OCC(OC(C)=O)C(OC(C)=O)C(CN2C1=CC(=C(C)C=C1N=C3C(=O)N([H])C(=O)N=C23)C[N]4C=C[N+](=C4)C)OC(C)=O,-0.118
C1=C(C(=CC(=C1S(=O)(=O)O)O)S(=O)(=O)O)O,0.116
CC1=CC(=O)C=C(C1=O)C,-0.08
CC1=CC2=C(C=C1CN3C=CN=C3)N(C4=NC(=O)NC(=O)C4=N2)CC(C(C(CO)O)O)O,-0.173
COC1=CC2=C(C=C1)NC3=C(S2)C=CC(=C3)Cl,0.662
C1=NC(=C(N1CC(CO)O)I)[N+](=O)[O-],-0.512
C1=CC=CC=C1[CH1]O,-0.06
CC1(C(NC(=O)NC1=O)O)[N+](=O)[O-],-0.405
C(CSSCCO)O,-1.57
CN1C(=CN=C1[N+](=O)[O-])C=NN2CCOCC2,-0.366
CC1=NC=C(N1CC(CCl)O)[N+](=O)[O-],-0.467
C1COCCN1CCCCN2C=CN=C2[N+](=O)[O-],-0.396
CCOC(=O)CCC[N+]1=CC=C(C=C1)C2=CC=[N+](C=C2)CCCC(=O)OCC,-0.433
C[N+]1=C(C=C(C=C1)C2=CC(=[N+](C=C2)C)C3=CC=CC=C3)C4=CC=CC=C4,-0.39
CNC1=CC=C(C=C1)O,0.146
COC1=C[N+]3=C(C=C1)C2=[N+](C=CC=C2)CCC3,-0.63
C1=CC2=C(C=C1O)C=C(O2)[N+](=O)[O-],-0.285
CN(C)C(=O)C1=CC(=C(C=C1[N+](=O)[O-])[N+](=O)[O-])N2CC2,-0.377
C[C@H]1[C@H]([C@H](C[C@@H](O1)O[C@H]2C[C@@](CC3=C2C(=C4C(=C3O)C(=O)C5=C(C4=O)C(=CC=C5)OC)O)(C(=O)CO)O)N)O,-0.292
C1=C(C=[N+]2C(=C1)N(CC2)C3=CC=CC=C3)[N+](=O)[O-],-0.266
CC1=CC(=O)C2=C(N(C(=C2C1=O)C)C)C3=CC=CC=C3,-0.423
[CH2]O,-0.92
C1=C([N+]3=C(C=C1)C2=[N+](C=CC=C2)CC3)CC,-0.42
CC1(CC(CC(N1)(C)C)NCC(CN2C=CN=C2[N+](=O)[O-])O)C,-0.361
CC(=O)C1=CC=[N+](C=C1)C,-0.51
C1=CC(=CC=C1C=O)[N+](=O)[O-],-0.322
C1=C[CH]C=C1.C1=C[CH]C=C1.[Fe],0.16
[C](O)(C1=CC=C(C=C1)C)C,-0.22
CC(=O)OCC1=CC(=O)C2=CC=CC=C2C1=O,-0.1
C1=CC=C(C4=C1C2=NN(C3=CC=C(C(C23)C4=O)NCCNCCO)CCNCCO)O,-0.538
CC1=NC=C(N1C)[N+](=O)[O-],-0.475
C[N+]1=CC=C(C=C1)C2=CC=[N+](C=C2)CC#[S]NC3=CC=CC=C3,-0.357
CC1=C(C(=O)C2=C(C1=O)N3C[C@H]4[C@@H]([C@@]3([C@@H]2COC(=O)N)OC)N4)N,-0.271
